First Name,Last Name,Email,Company Name,Phone Number,Photo Url
Westley,Casper,westley@caspercarroll.net,"Hane, Wisoky and Heaney",(446) 744-8701,https://robohash.org/Westley.png?size=500x500&set=set1
Ona,Hirthe,ona@emmerich.net,Kessler Group,814-797-9511,https://robohash.org/Ona.png?size=500x500&set=set1
Shanelle,Funk,shanelle@towne.com,"Krajcik, Grimes and Klein",(139) 189-7771,https://robohash.org/Shanelle.png?size=500x500&set=set1
Francis,Cronin,francis@borer.info,"Erdman, Harvey and Satterfield",(918) 744-7528,https://robohash.org/Francis.png?size=500x500&set=set1
Connie,Fritsch,connie@damoreconroy.name,Raynor-Pfeffer,934.496.0120,https://robohash.org/Connie.png?size=500x500&set=set1
Maynard,Lynch,maynard@emmerich.org,Feest and Sons,(424) 727-7578,https://robohash.org/Maynard.png?size=500x500&set=set1
Leopold,Hackett,leopold@stokesromaguera.net,Grant-Smitham,679.790.7748,https://robohash.org/Leopold.png?size=500x500&set=set1
Ashlee,Paucek,ashlee@toy.biz,Haag-Larson,(786) 892-0092,https://robohash.org/Ashlee.png?size=500x500&set=set1
Delores,Gutmann,delores@lebsack.com,Howell-Abbott,357.184.5369,https://robohash.org/Delores.png?size=500x500&set=set1
Gayle,McKenzie,gayle@powlowski.io,Gerlach LLC,576-462-1009,https://robohash.org/Gayle.png?size=500x500&set=set1
Shyann,Abernathy,shyann@lockman.name,Roberts-Schimmel,652.498.5107,https://robohash.org/Shyann.png?size=500x500&set=set1
Neal,Schoen,neal@gleason.io,Hyatt-Baumbach,1-328-189-8532,https://robohash.org/Neal.png?size=500x500&set=set1
Nelson,Hermann,nelson@feeney.org,Gaylord Inc,(756) 865-1260,https://robohash.org/Nelson.png?size=500x500&set=set1
Deja,Kirlin,deja@fay.io,Bruen LLC,(221) 331-2413,https://robohash.org/Deja.png?size=500x500&set=set1
Amya,Hilpert,amya@luettgenwatsica.io,Hermann-Howe,1-178-851-2211,https://robohash.org/Amya.png?size=500x500&set=set1
Eloisa,Schoen,eloisa@ankunding.biz,"Feil, Aufderhar and Klocko",(948) 848-3084,https://robohash.org/Eloisa.png?size=500x500&set=set1
Lemuel,Aufderhar,lemuel@padberg.org,Oberbrunner Inc,563.263.4983,https://robohash.org/Lemuel.png?size=500x500&set=set1
Emely,Dach,emely@markskuhn.biz,Luettgen-Walker,(105) 871-8229,https://robohash.org/Emely.png?size=500x500&set=set1
Marjorie,Frami,marjorie@haagabernathy.com,Kemmer and Sons,511-954-4410,https://robohash.org/Marjorie.png?size=500x500&set=set1
Jerald,Hahn,jerald@abshire.org,"Stracke, Steuber and Hamill",1-756-771-7517,https://robohash.org/Jerald.png?size=500x500&set=set1
Edgar,Stracke,edgar@lubowitz.com,"Ledner, Boyle and Conn",862.056.1948,https://robohash.org/Edgar.png?size=500x500&set=set1
Lane,Feeney,lane@yundtondricka.info,Vandervort LLC,(139) 442-2658,https://robohash.org/Lane.png?size=500x500&set=set1
Geovanny,Wyman,geovanny@heaney.com,Bartoletti LLC,1-110-225-2875,https://robohash.org/Geovanny.png?size=500x500&set=set1
Allie,Fadel,allie@adamchmidt.co,Daugherty Inc,430-269-7813,https://robohash.org/Allie.png?size=500x500&set=set1
Olin,Zulauf,olin@jakubowski.biz,Dickens-Bartoletti,(126) 610-4926,https://robohash.org/Olin.png?size=500x500&set=set1
Walton,Hodkiewicz,walton@gottliebgoyette.io,"Willms, Bernier and Gottlieb",173.944.3205,https://robohash.org/Walton.png?size=500x500&set=set1
Declan,Grimes,declan@auerwaelchi.biz,Schuppe Inc,(422) 697-0337,https://robohash.org/Declan.png?size=500x500&set=set1
Magnus,Kutch,magnus@luettgenlittle.net,"Schumm, Block and Hilll",759.711.9209,https://robohash.org/Magnus.png?size=500x500&set=set1
Elody,Robel,elody@bartongoldner.net,Konopelski-Fahey,(399) 221-8012,https://robohash.org/Elody.png?size=500x500&set=set1
Arvilla,Torphy,arvilla@spinkalittel.co,Lakin-Boehm,(668) 936-1874,https://robohash.org/Arvilla.png?size=500x500&set=set1
Madge,Bailey,madge@streichlind.org,Leffler Group,(719) 291-6634,https://robohash.org/Madge.png?size=500x500&set=set1
Rosalyn,Turner,rosalyn@baumbach.com,Hauck-Jaskolski,(574) 877-6518,https://robohash.org/Rosalyn.png?size=500x500&set=set1
Antone,Fadel,antone@macgyver.name,Bartoletti LLC,329-879-2895,https://robohash.org/Antone.png?size=500x500&set=set1
Cory,Parisian,cory@pfannerstill.io,Goodwin Group,(179) 501-4328,https://robohash.org/Cory.png?size=500x500&set=set1
Timmothy,O'Connell,timmothy@goyette.biz,Schiller LLC,1-870-654-5920,https://robohash.org/Timmothy.png?size=500x500&set=set1
Cesar,Bashirian,cesar@wymanmitchell.net,Dooley-Swaniawski,1-434-143-4748,https://robohash.org/Cesar.png?size=500x500&set=set1
Jacey,Ondricka,jacey@schinner.com,Donnelly Group,1-666-745-5969,https://robohash.org/Jacey.png?size=500x500&set=set1
Vicky,Kuhlman,vicky@ohararuel.co,Gottlieb and Sons,(423) 704-0001,https://robohash.org/Vicky.png?size=500x500&set=set1
Jennie,Kautzer,jennie@ziemannnienow.name,Collins Inc,(937) 506-0822,https://robohash.org/Jennie.png?size=500x500&set=set1
Kailee,Padberg,kailee@roob.org,Erdman-Ondricka,(532) 471-0710,https://robohash.org/Kailee.png?size=500x500&set=set1
Jana,Green,jana@medhurst.net,Volkman-Bartoletti,698.266.7919,https://robohash.org/Jana.png?size=500x500&set=set1
Jane,Witting,jane@hintz.org,"Kling, Bayer and Jacobson",1-609-838-2251,https://robohash.org/Jane.png?size=500x500&set=set1
Dudley,Legros,dudley@hegmann.net,"Eichmann, Hegmann and Skiles",(193) 400-9312,https://robohash.org/Dudley.png?size=500x500&set=set1
Osborne,Pfannerstill,osborne@daughertyschumm.info,Roberts-Rodriguez,1-385-727-9111,https://robohash.org/Osborne.png?size=500x500&set=set1
Beth,Kilback,beth@ratke.info,Champlin-Feeney,1-992-637-2154,https://robohash.org/Beth.png?size=500x500&set=set1
Marcelle,Howe,marcelle@okeefe.co,Kling Group,1-858-279-4651,https://robohash.org/Marcelle.png?size=500x500&set=set1
Tony,Wuckert,tony@terry.com,Orn LLC,252-038-0628,https://robohash.org/Tony.png?size=500x500&set=set1
Roy,Kling,roy@renner.co,"Williamson, Rath and Schultz",1-843-826-9704,https://robohash.org/Roy.png?size=500x500&set=set1
Felipe,Barton,felipe@littel.co,Ratke-Steuber,(527) 948-6583,https://robohash.org/Felipe.png?size=500x500&set=set1
Marcella,Tremblay,marcella@cain.io,"Stracke, Kerluke and Runolfsson",1-654-871-2038,https://robohash.org/Marcella.png?size=500x500&set=set1
Krista,Hettinger,krista@murrayhirthe.io,"Altenwerth, Larkin and Kiehn",820-291-9268,https://robohash.org/Krista.png?size=500x500&set=set1
Ignatius,Treutel,ignatius@von.org,"Stanton, Runolfsdottir and O'Kon",(602) 006-0909,https://robohash.org/Ignatius.png?size=500x500&set=set1
Melba,Olson,melba@starkbogan.org,Considine-Wisozk,1-617-450-3227,https://robohash.org/Melba.png?size=500x500&set=set1
Garland,Bartell,garland@keelingkunde.name,"Mitchell, Gulgowski and Gaylord",(553) 189-9942,https://robohash.org/Garland.png?size=500x500&set=set1
Ashly,Bauch,ashly@krislubowitz.com,"Schultz, Jacobs and Shields",182-441-3254,https://robohash.org/Ashly.png?size=500x500&set=set1
Jarrell,Gislason,jarrell@hegmann.info,Denesik Inc,1-573-715-2978,https://robohash.org/Jarrell.png?size=500x500&set=set1
Rusty,Mills,rusty@weinatpredovic.com,"Quitzon, Hauck and Weber",456-642-3324,https://robohash.org/Rusty.png?size=500x500&set=set1
Matt,Grant,matt@bergnaum.biz,Thiel LLC,1-245-685-0577,https://robohash.org/Matt.png?size=500x500&set=set1
Lexie,Effertz,lexie@ritchie.co,Kuhlman Group,(961) 502-0022,https://robohash.org/Lexie.png?size=500x500&set=set1
Karl,Cormier,karl@marvin.co,Kreiger Group,294-773-1186,https://robohash.org/Karl.png?size=500x500&set=set1
Gilda,Jones,gilda@botsford.biz,Stoltenberg Group,1-689-567-2932,https://robohash.org/Gilda.png?size=500x500&set=set1
Gladyce,Casper,gladyce@kautzertoy.org,Wiegand-Cummings,387-937-1707,https://robohash.org/Gladyce.png?size=500x500&set=set1
Warren,Padberg,warren@ruel.co,"Runte, Feeney and Carroll",(234) 557-1254,https://robohash.org/Warren.png?size=500x500&set=set1
Emerson,Ritchie,emerson@champlintremblay.org,Mayer Inc,1-999-886-0626,https://robohash.org/Emerson.png?size=500x500&set=set1
Clementine,Predovic,clementine@rath.biz,Douglas LLC,(659) 942-8650,https://robohash.org/Clementine.png?size=500x500&set=set1
Ressie,Johnston,ressie@grimesparisian.io,Hirthe-Feeney,1-705-594-0836,https://robohash.org/Ressie.png?size=500x500&set=set1
Janice,Lueilwitz,janice@kiehnhaag.info,Lockman-Mohr,(773) 311-9149,https://robohash.org/Janice.png?size=500x500&set=set1
General,Streich,general@stiedemann.io,Monahan Inc,1-670-940-9212,https://robohash.org/General.png?size=500x500&set=set1
Levi,Turner,levi@satterfieldjacobi.org,Aufderhar-Stokes,(360) 989-7148,https://robohash.org/Levi.png?size=500x500&set=set1
Mona,Heathcote,mona@dietrich.info,Grant Inc,884-752-2594,https://robohash.org/Mona.png?size=500x500&set=set1
Clementine,Corwin,clementine@hegmann.com,Marvin-Douglas,1-755-624-9964,https://robohash.org/Clementine.png?size=500x500&set=set1
Gladyce,Rice,gladyce@streich.co,Mohr-Buckridge,(622) 134-1621,https://robohash.org/Gladyce.png?size=500x500&set=set1
Matilda,Walter,matilda@greenbartell.co,"Toy, Jenkins and Swift",(980) 190-6553,https://robohash.org/Matilda.png?size=500x500&set=set1
Jaren,Hickle,jaren@osinskilabadie.com,Boyer-McLaughlin,176-147-5402,https://robohash.org/Jaren.png?size=500x500&set=set1
Nat,Fahey,nat@mayert.biz,"Gibson, Streich and Lesch",364-896-8763,https://robohash.org/Nat.png?size=500x500&set=set1
Lee,Wisozk,lee@towne.biz,Crona LLC,123-577-6079,https://robohash.org/Lee.png?size=500x500&set=set1
Bethel,Dare,bethel@schulistjerde.name,Dietrich Group,656.615.5650,https://robohash.org/Bethel.png?size=500x500&set=set1
Blair,Emard,blair@lindgren.io,Terry-Deckow,235-391-8768,https://robohash.org/Blair.png?size=500x500&set=set1
Lucy,Will,lucy@schultz.io,Lindgren and Sons,1-523-675-4704,https://robohash.org/Lucy.png?size=500x500&set=set1
Brady,Mayer,brady@huelscrooks.name,Balistreri-Will,902-265-9556,https://robohash.org/Brady.png?size=500x500&set=set1
Bettye,Ryan,bettye@bergnaum.io,"Bechtelar, Kilback and Ryan",683-478-1642,https://robohash.org/Bettye.png?size=500x500&set=set1
Darron,Luettgen,darron@hilpertbeahan.net,Lindgren-Kassulke,642-375-8127,https://robohash.org/Darron.png?size=500x500&set=set1
Zack,Lehner,zack@gutkowski.org,Schultz LLC,(968) 064-3355,https://robohash.org/Zack.png?size=500x500&set=set1
Alvera,Corkery,alvera@dibbert.co,Leuschke-Ortiz,1-390-837-2540,https://robohash.org/Alvera.png?size=500x500&set=set1
Davon,Halvorson,davon@nicolas.io,Reynolds-Carroll,377-118-1019,https://robohash.org/Davon.png?size=500x500&set=set1
Ima,Nader,ima@huels.co,Dickens Inc,620.229.5079,https://robohash.org/Ima.png?size=500x500&set=set1
Prince,Ferry,prince@kinglehner.net,"Runte, Batz and Reichel",1-899-092-2622,https://robohash.org/Prince.png?size=500x500&set=set1
Karine,Murazik,karine@kohlerfeil.io,"Kertzmann, Lind and Cremin",(319) 794-1988,https://robohash.org/Karine.png?size=500x500&set=set1
Aryanna,Beatty,aryanna@dooley.name,Corkery Inc,992.835.4209,https://robohash.org/Aryanna.png?size=500x500&set=set1
Danyka,Swift,danyka@keler.io,Blick LLC,1-654-256-7461,https://robohash.org/Danyka.png?size=500x500&set=set1
Gwendolyn,Carter,gwendolyn@huel.name,Tremblay and Sons,404.572.3396,https://robohash.org/Gwendolyn.png?size=500x500&set=set1
Elijah,Welch,elijah@ward.info,Luettgen and Sons,132-636-9602,https://robohash.org/Elijah.png?size=500x500&set=set1
Jessika,O'Keefe,jessika@konopelski.com,"MacGyver, Emard and Konopelski",1-409-556-0284,https://robohash.org/Jessika.png?size=500x500&set=set1
Dylan,Bashirian,dylan@welchtorphy.info,"Thiel, Fadel and Wisoky",(863) 653-6268,https://robohash.org/Dylan.png?size=500x500&set=set1
Eloy,Block,eloy@miller.org,"Christiansen, O'Reilly and Bashirian",644.480.6312,https://robohash.org/Eloy.png?size=500x500&set=set1
Scot,Dicki,scot@gerholdwatsica.com,Koelpin Inc,(433) 774-9893,https://robohash.org/Scot.png?size=500x500&set=set1
Pearline,Mills,pearline@kunde.io,"Effertz, Adams and Skiles",498.231.0979,https://robohash.org/Pearline.png?size=500x500&set=set1
Elliott,Lind,elliott@spinka.io,Bode-Carter,350.531.4565,https://robohash.org/Elliott.png?size=500x500&set=set1
Waldo,Ratke,waldo@macejkovicwelch.biz,Treutel-Green,(162) 798-6835,https://robohash.org/Waldo.png?size=500x500&set=set1
Della,Murray,della@wuckertgerlach.biz,Murray Inc,1-592-378-2130,https://robohash.org/Della.png?size=500x500&set=set1
Maiya,Rice,maiya@dicki.com,Davis Inc,1-221-827-4891,https://robohash.org/Maiya.png?size=500x500&set=set1
Ryleigh,Heller,ryleigh@mcclure.net,"Schaden, Greenfelder and Upton",1-955-831-7788,https://robohash.org/Ryleigh.png?size=500x500&set=set1
Celia,Kilback,celia@ferry.org,Lowe and Sons,780-723-9021,https://robohash.org/Celia.png?size=500x500&set=set1
Mabelle,Brekke,mabelle@schinner.biz,Cartwright-Lesch,834-051-3301,https://robohash.org/Mabelle.png?size=500x500&set=set1
Gudrun,Ullrich,gudrun@christiansenarmstrong.name,"Keeling, Ortiz and Hermiston",966-947-9937,https://robohash.org/Gudrun.png?size=500x500&set=set1
Madelynn,Bins,madelynn@lynchmann.com,Wisozk LLC,312-695-2296,https://robohash.org/Madelynn.png?size=500x500&set=set1
Virginie,Lemke,virginie@waelchigerlach.io,Howell-Paucek,1-828-670-8370,https://robohash.org/Virginie.png?size=500x500&set=set1
Muriel,Hammes,muriel@bosco.info,Bins-Stiedemann,(348) 065-3139,https://robohash.org/Muriel.png?size=500x500&set=set1
Cydney,Robel,cydney@marvin.io,Douglas and Sons,388-276-8418,https://robohash.org/Cydney.png?size=500x500&set=set1
Horacio,Rath,horacio@skiles.io,"Stiedemann, Pouros and Pollich",(784) 044-5717,https://robohash.org/Horacio.png?size=500x500&set=set1
Nicolette,Jacobson,nicolette@mcdermottolson.biz,Kihn-Boehm,842-982-5950,https://robohash.org/Nicolette.png?size=500x500&set=set1
Maurine,Cassin,maurine@kirlin.com,"Dach, Gibson and Kilback",1-738-310-6462,https://robohash.org/Maurine.png?size=500x500&set=set1
Chelsea,Streich,chelsea@donnelly.com,"Mitchell, Graham and Spinka",(122) 783-7181,https://robohash.org/Chelsea.png?size=500x500&set=set1
Brandi,McDermott,brandi@goyettecrona.info,Kutch LLC,(479) 373-9334,https://robohash.org/Brandi.png?size=500x500&set=set1
Sonny,Sauer,sonny@reichel.org,Lakin-Olson,(147) 536-4033,https://robohash.org/Sonny.png?size=500x500&set=set1
Darion,Lemke,darion@mosciski.io,Marvin-Jenkins,1-652-365-3191,https://robohash.org/Darion.png?size=500x500&set=set1
Dahlia,Roob,dahlia@zulaufschulist.name,"Schowalter, Torphy and McLaughlin",1-484-517-0112,https://robohash.org/Dahlia.png?size=500x500&set=set1
Bart,Wiza,bart@krajcik.biz,"Ortiz, Bayer and Hagenes",1-903-082-5551,https://robohash.org/Bart.png?size=500x500&set=set1
Remington,Osinski,remington@kiehnlesch.net,"Okuneva, Roberts and Roberts",1-463-921-6917,https://robohash.org/Remington.png?size=500x500&set=set1
Makayla,Dietrich,makayla@bosco.org,Mayer Group,1-845-126-0492,https://robohash.org/Makayla.png?size=500x500&set=set1
Mandy,O'Keefe,mandy@bradtke.info,O'Keefe-Beahan,490.317.0556,https://robohash.org/Mandy.png?size=500x500&set=set1
Adrienne,McKenzie,adrienne@crist.info,Simonis-Reilly,1-268-503-1507,https://robohash.org/Adrienne.png?size=500x500&set=set1
Eriberto,Sporer,eriberto@baumbachlockman.co,"Grimes, Wintheiser and Stanton",1-304-989-1297,https://robohash.org/Eriberto.png?size=500x500&set=set1
Kendrick,Johns,kendrick@bartongulgowski.co,"Kassulke, Gerlach and Becker",1-429-157-5310,https://robohash.org/Kendrick.png?size=500x500&set=set1
Josianne,Dare,josianne@hermanheel.biz,Kshlerin Group,173-741-7162,https://robohash.org/Josianne.png?size=500x500&set=set1
Jerrell,Mante,jerrell@fadel.name,Von Inc,(484) 843-7387,https://robohash.org/Jerrell.png?size=500x500&set=set1
Norwood,Gislason,norwood@harvey.org,Simonis-Schroeder,(830) 966-1671,https://robohash.org/Norwood.png?size=500x500&set=set1
Arno,Ledner,arno@schillerbeatty.net,Dietrich Group,701.871.1440,https://robohash.org/Arno.png?size=500x500&set=set1
Chance,Hagenes,chance@okuneva.biz,"Moen, Torphy and Mitchell",145.328.2099,https://robohash.org/Chance.png?size=500x500&set=set1
Ahmad,Emmerich,ahmad@hoegermarks.info,Mitchell-Mertz,882.196.7495,https://robohash.org/Ahmad.png?size=500x500&set=set1
Giovanni,Mraz,giovanni@emmerich.com,"Bauch, Wolf and Smith",(720) 323-6192,https://robohash.org/Giovanni.png?size=500x500&set=set1
Eulalia,Leffler,eulalia@greenholt.io,"Rau, Bahringer and Mills",1-908-562-5392,https://robohash.org/Eulalia.png?size=500x500&set=set1
Milford,Prohaska,milford@gislason.io,Reynolds-McLaughlin,(325) 102-9311,https://robohash.org/Milford.png?size=500x500&set=set1
Aimee,Torp,aimee@satterfieldweber.io,Leuschke-Carroll,(110) 454-7518,https://robohash.org/Aimee.png?size=500x500&set=set1
Lukas,Hane,lukas@terry.info,Schumm Inc,511-370-4412,https://robohash.org/Lukas.png?size=500x500&set=set1
Ignatius,West,ignatius@cristmarquardt.org,Boyle-Kutch,1-873-702-5300,https://robohash.org/Ignatius.png?size=500x500&set=set1
Ardith,Marks,ardith@lindgren.name,Bernier-Murphy,241-917-8253,https://robohash.org/Ardith.png?size=500x500&set=set1
Tristian,Bednar,tristian@townevonrueden.info,"Halvorson, Gislason and Considine",1-202-309-2787,https://robohash.org/Tristian.png?size=500x500&set=set1
Zoie,Zieme,zoie@franecki.biz,Hagenes Inc,964.827.0879,https://robohash.org/Zoie.png?size=500x500&set=set1
Craig,Brakus,craig@weimann.net,"Flatley, Block and Moore",1-520-427-5865,https://robohash.org/Craig.png?size=500x500&set=set1
Jarret,Harris,jarret@murazik.biz,Jenkins-Schuppe,357-247-3342,https://robohash.org/Jarret.png?size=500x500&set=set1
Ruby,Marks,ruby@boehmvon.info,Beer Group,478-089-2934,https://robohash.org/Ruby.png?size=500x500&set=set1
Hilma,Bogan,hilma@cormier.org,Bashirian Group,1-466-628-4578,https://robohash.org/Hilma.png?size=500x500&set=set1
Osbaldo,Nader,osbaldo@beierhickle.io,Zulauf and Sons,737-541-0307,https://robohash.org/Osbaldo.png?size=500x500&set=set1
Merle,Boyer,merle@klocko.org,"Eichmann, Hickle and Jacobs",(952) 918-4179,https://robohash.org/Merle.png?size=500x500&set=set1
Coty,Ortiz,coty@swift.org,"Veum, Johnson and Bailey",389.017.4921,https://robohash.org/Coty.png?size=500x500&set=set1
Tess,Beer,tess@pfeffer.info,Von-Auer,(834) 052-5879,https://robohash.org/Tess.png?size=500x500&set=set1
Chanel,Stoltenberg,chanel@dickinson.org,"Kutch, Schultz and Toy",(651) 396-1513,https://robohash.org/Chanel.png?size=500x500&set=set1
Durward,Macejkovic,durward@nader.info,Schuster Inc,1-893-734-1704,https://robohash.org/Durward.png?size=500x500&set=set1
Sydni,Ortiz,sydni@strosinblanda.io,McKenzie and Sons,(993) 155-9614,https://robohash.org/Sydni.png?size=500x500&set=set1
Jamar,McDermott,jamar@balistrerihuels.biz,Mohr-Yost,645.108.2726,https://robohash.org/Jamar.png?size=500x500&set=set1
Magali,Hessel,magali@macejkovic.io,"Bayer, Turcotte and Nienow",(474) 530-6687,https://robohash.org/Magali.png?size=500x500&set=set1
Nettie,Kiehn,nettie@blick.io,Sipes-Cremin,303-613-4661,https://robohash.org/Nettie.png?size=500x500&set=set1
Austyn,O'Hara,austyn@jaskolski.com,Mertz-Nikolaus,926-310-7785,https://robohash.org/Austyn.png?size=500x500&set=set1
Telly,Gusikowski,telly@leuschke.biz,Gerlach-Conn,692.780.6421,https://robohash.org/Telly.png?size=500x500&set=set1
Perry,Rempel,perry@beiermayert.biz,Borer-Simonis,1-352-127-8038,https://robohash.org/Perry.png?size=500x500&set=set1
Fiona,Schiller,fiona@olson.co,Kilback-Cormier,(428) 690-4275,https://robohash.org/Fiona.png?size=500x500&set=set1
Glen,Hermiston,glen@prohaska.org,"Powlowski, Kreiger and Orn",(566) 856-2346,https://robohash.org/Glen.png?size=500x500&set=set1
Soledad,Kreiger,soledad@buckridgecain.net,Lehner-Kertzmann,1-532-763-6377,https://robohash.org/Soledad.png?size=500x500&set=set1
Kianna,Weissnat,kianna@ward.co,Hartmann-Welch,(707) 305-7775,https://robohash.org/Kianna.png?size=500x500&set=set1
Vincenza,Kovacek,vincenza@barrows.info,Dickinson-Koch,1-797-651-6578,https://robohash.org/Vincenza.png?size=500x500&set=set1
Kaelyn,Gibson,kaelyn@mayer.io,Rolfson-Marquardt,869.207.2448,https://robohash.org/Kaelyn.png?size=500x500&set=set1
Missouri,Sawayn,missouri@sawaynullrich.name,Wiegand Group,1-301-692-2530,https://robohash.org/Missouri.png?size=500x500&set=set1
Darian,Quigley,darian@huelsrolfson.org,Lubowitz Group,771.367.2451,https://robohash.org/Darian.png?size=500x500&set=set1
Sigmund,Kuphal,sigmund@schroedermoen.net,"Rosenbaum, Stark and Hirthe",1-277-359-9191,https://robohash.org/Sigmund.png?size=500x500&set=set1
Ian,D'Amore,ian@beierhaag.name,Ryan LLC,622-738-3502,https://robohash.org/Ian.png?size=500x500&set=set1
Nia,Waters,nia@mosciski.info,Gusikowski-Bergstrom,689.584.0636,https://robohash.org/Nia.png?size=500x500&set=set1
Joey,Runolfsdottir,joey@hirthe.net,"Koch, Welch and Bosco",(833) 118-9538,https://robohash.org/Joey.png?size=500x500&set=set1
Brennan,Wunsch,brennan@strackelittle.info,"Lindgren, Blanda and Beatty",411.163.6830,https://robohash.org/Brennan.png?size=500x500&set=set1
John,Pfeffer,john@hilpert.io,Hills Group,1-765-279-7896,https://robohash.org/John.png?size=500x500&set=set1
Kayden,Beahan,kayden@jones.co,Ferry-Ratke,549-985-2330,https://robohash.org/Kayden.png?size=500x500&set=set1
Chaz,Padberg,chaz@beattyklein.co,Paucek Group,647-778-3413,https://robohash.org/Chaz.png?size=500x500&set=set1
Serenity,Rowe,serenity@schmidt.co,Kiehn-Wiza,1-412-227-8069,https://robohash.org/Serenity.png?size=500x500&set=set1
Amya,Hane,amya@stammlebsack.co,Gleichner-Dach,1-510-860-1485,https://robohash.org/Amya.png?size=500x500&set=set1
Hubert,Funk,hubert@ratke.net,"Douglas, Maggio and Zboncak",1-563-201-0417,https://robohash.org/Hubert.png?size=500x500&set=set1
Michel,Nicolas,michel@zemlakaufderhar.io,Murphy Group,1-535-312-9792,https://robohash.org/Michel.png?size=500x500&set=set1
Milo,Schamberger,milo@ullrich.biz,Runolfsdottir LLC,(581) 837-2676,https://robohash.org/Milo.png?size=500x500&set=set1
Harmon,Rowe,harmon@abernathy.net,"Yost, Weber and Towne",723-472-8832,https://robohash.org/Harmon.png?size=500x500&set=set1
Nicole,Hermann,nicole@osinski.net,Hegmann-Kreiger,(729) 574-7398,https://robohash.org/Nicole.png?size=500x500&set=set1
Dave,Stehr,dave@spencerhoeger.info,"Orn, Ankunding and Dach",534-138-4953,https://robohash.org/Dave.png?size=500x500&set=set1
Delores,Russel,delores@simonis.name,"Upton, Swaniawski and Parker",(591) 844-7956,https://robohash.org/Delores.png?size=500x500&set=set1
Horacio,Skiles,horacio@weinatboyle.co,"Skiles, Kunde and Gutmann",(246) 448-3618,https://robohash.org/Horacio.png?size=500x500&set=set1
Candelario,Schowalter,candelario@padberg.com,Stracke and Sons,878.829.2259,https://robohash.org/Candelario.png?size=500x500&set=set1
Barrett,Schimmel,barrett@borer.biz,Graham-Hoppe,(927) 335-7821,https://robohash.org/Barrett.png?size=500x500&set=set1
Mireya,Bergnaum,mireya@schowalter.info,"Heathcote, Larkin and Dibbert",(206) 195-8136,https://robohash.org/Mireya.png?size=500x500&set=set1
Mauricio,Keeling,mauricio@terryweinat.net,Metz-Leannon,714-405-5146,https://robohash.org/Mauricio.png?size=500x500&set=set1
Isidro,Spencer,isidro@shanahan.name,"Howell, Moore and Ernser",941.458.9617,https://robohash.org/Isidro.png?size=500x500&set=set1
Torrey,Herzog,torrey@nienow.co,"Wunsch, Haag and Jacobson",350-407-9015,https://robohash.org/Torrey.png?size=500x500&set=set1
Bernhard,Hegmann,bernhard@wiegandschaefer.name,"Connelly, Purdy and Champlin",(758) 313-8158,https://robohash.org/Bernhard.png?size=500x500&set=set1
Lemuel,Johnson,lemuel@ullrich.name,Kub LLC,751.637.9588,https://robohash.org/Lemuel.png?size=500x500&set=set1
Harold,Glover,harold@bashirian.co,Herzog-Pacocha,597-350-5542,https://robohash.org/Harold.png?size=500x500&set=set1
Frida,Goodwin,frida@toymoen.net,"Erdman, Connelly and Franecki",288-464-9494,https://robohash.org/Frida.png?size=500x500&set=set1
Mandy,Boyer,mandy@parkermayert.io,Ruecker Inc,138-346-3709,https://robohash.org/Mandy.png?size=500x500&set=set1
Micheal,Armstrong,micheal@hayeauer.org,"Keebler, Goldner and Swaniawski",991.116.4278,https://robohash.org/Micheal.png?size=500x500&set=set1
Elise,Larson,elise@krisfranecki.com,"Nader, Donnelly and Barton",1-118-730-9187,https://robohash.org/Elise.png?size=500x500&set=set1
Alvina,Hoppe,alvina@walker.info,"Bauch, Prohaska and Hansen",(651) 413-6345,https://robohash.org/Alvina.png?size=500x500&set=set1
Sterling,Keebler,sterling@stanton.biz,Barton-Hamill,1-736-548-1971,https://robohash.org/Sterling.png?size=500x500&set=set1
Hannah,Smitham,hannah@funk.info,Welch Group,954-570-9683,https://robohash.org/Hannah.png?size=500x500&set=set1
Margaretta,Boehm,margaretta@boehmgislason.info,Emard Group,629.501.3204,https://robohash.org/Margaretta.png?size=500x500&set=set1
Brisa,Berge,brisa@ebert.net,"Hudson, Wilderman and Miller",560.221.5035,https://robohash.org/Brisa.png?size=500x500&set=set1
Vito,Auer,vito@cormier.net,Davis and Sons,237.609.3939,https://robohash.org/Vito.png?size=500x500&set=set1
Earnestine,Pfannerstill,earnestine@lemke.info,Sawayn-West,1-119-443-0769,https://robohash.org/Earnestine.png?size=500x500&set=set1
Addison,Bechtelar,addison@collinstrantow.com,"Romaguera, Cartwright and Harvey",(447) 483-0858,https://robohash.org/Addison.png?size=500x500&set=set1
Jayson,Fay,jayson@herzog.info,Von-Dibbert,918.594.2124,https://robohash.org/Jayson.png?size=500x500&set=set1
Monica,Frami,monica@stark.io,Mitchell-Homenick,666.429.6663,https://robohash.org/Monica.png?size=500x500&set=set1
Bernie,Gulgowski,bernie@kreiger.name,"Bauch, Gusikowski and Hills",1-822-708-0093,https://robohash.org/Bernie.png?size=500x500&set=set1
Dandre,Langosh,dandre@hammes.co,Cummings LLC,1-428-136-3859,https://robohash.org/Dandre.png?size=500x500&set=set1
Darrell,Terry,darrell@larkindubuque.co,"Torphy, Towne and Howell",603.000.1531,https://robohash.org/Darrell.png?size=500x500&set=set1
Zena,Klocko,zena@sipes.co,Witting-Gleichner,(430) 599-4539,https://robohash.org/Zena.png?size=500x500&set=set1
Brendan,Considine,brendan@zboncak.co,"Wilkinson, Goldner and Wiza",959-221-5471,https://robohash.org/Brendan.png?size=500x500&set=set1
Colt,Hilll,colt@sanfordhickle.name,Quigley-Lehner,465-685-8914,https://robohash.org/Colt.png?size=500x500&set=set1
Vicenta,Jakubowski,vicenta@cummerata.com,"Swift, Greenfelder and Davis",814-428-8043,https://robohash.org/Vicenta.png?size=500x500&set=set1
Lela,Hamill,lela@ziemann.com,Cassin LLC,948.964.6940,https://robohash.org/Lela.png?size=500x500&set=set1
German,Gerhold,german@haleyryan.co,"Hudson, Emard and Lemke",(480) 778-3187,https://robohash.org/German.png?size=500x500&set=set1
Claire,Bailey,claire@legros.co,"Stoltenberg, Keeling and Zboncak",620-684-2935,https://robohash.org/Claire.png?size=500x500&set=set1
Kameron,Buckridge,kameron@greenfelder.co,Nicolas Inc,552.310.9321,https://robohash.org/Kameron.png?size=500x500&set=set1
Russel,Wisoky,russel@kreiger.name,Mohr LLC,438.339.6305,https://robohash.org/Russel.png?size=500x500&set=set1
Michaela,Yost,michaela@haleygrady.net,"Kessler, Altenwerth and Harber",(281) 824-0085,https://robohash.org/Michaela.png?size=500x500&set=set1
Branson,Friesen,branson@macgyverpouros.info,Osinski and Sons,1-225-229-7215,https://robohash.org/Branson.png?size=500x500&set=set1
Alvera,Harber,alvera@harber.info,"Konopelski, Prohaska and Fisher",(840) 603-6793,https://robohash.org/Alvera.png?size=500x500&set=set1
Brianne,Willms,brianne@yostbalistreri.io,"Paucek, Swaniawski and Hermiston",547.635.2627,https://robohash.org/Brianne.png?size=500x500&set=set1
Jamel,Daugherty,jamel@maggiovolkman.biz,Borer-Sanford,839-458-0188,https://robohash.org/Jamel.png?size=500x500&set=set1
Bell,Haag,bell@rempel.name,"Will, Leuschke and Watsica",316-934-7060,https://robohash.org/Bell.png?size=500x500&set=set1
Zackery,Simonis,zackery@sipeshamill.com,Bednar-Wolff,(819) 419-6122,https://robohash.org/Zackery.png?size=500x500&set=set1
Enoch,Olson,enoch@grahamhartmann.co,Quitzon and Sons,519.250.5776,https://robohash.org/Enoch.png?size=500x500&set=set1
Jeremie,Lakin,jeremie@goyette.name,"Medhurst, Rolfson and Keebler",916-360-3254,https://robohash.org/Jeremie.png?size=500x500&set=set1
Pattie,Olson,pattie@ondrickawilliamson.net,"Senger, Swift and Turner",471-214-2332,https://robohash.org/Pattie.png?size=500x500&set=set1
Eldora,Cummings,eldora@schoen.net,"Lebsack, Wisoky and Harber",168-591-2098,https://robohash.org/Eldora.png?size=500x500&set=set1
Ola,Swift,ola@gottlieb.io,"Bernhard, Blick and Hessel",111.254.7258,https://robohash.org/Ola.png?size=500x500&set=set1
Chaz,Lowe,chaz@mayer.io,Hartmann LLC,330.957.8587,https://robohash.org/Chaz.png?size=500x500&set=set1
Cristal,Ferry,cristal@marquardtkemmer.io,"Wuckert, Bruen and Gutmann",744.170.0130,https://robohash.org/Cristal.png?size=500x500&set=set1
Felipe,Mills,felipe@reilly.name,Botsford Group,1-468-648-4916,https://robohash.org/Felipe.png?size=500x500&set=set1
Nathanael,Dach,nathanael@paucek.org,Lehner LLC,(836) 253-6195,https://robohash.org/Nathanael.png?size=500x500&set=set1
Nellie,Hudson,nellie@price.io,Champlin-Zboncak,303-595-0685,https://robohash.org/Nellie.png?size=500x500&set=set1
Maggie,Turner,maggie@bartell.org,Considine-Mohr,931.427.1673,https://robohash.org/Maggie.png?size=500x500&set=set1
Alexandrea,Gleason,alexandrea@denesikemard.net,"Greenfelder, Rice and Langworth",588-895-4491,https://robohash.org/Alexandrea.png?size=500x500&set=set1
Madalyn,Kris,madalyn@kshlerinweimann.org,Gleason Group,1-852-724-0513,https://robohash.org/Madalyn.png?size=500x500&set=set1
Madelyn,Zboncak,madelyn@harberschroeder.info,"Schmitt, Kiehn and Pouros",507-408-9399,https://robohash.org/Madelyn.png?size=500x500&set=set1
Foster,Streich,foster@swaniawski.name,Kreiger LLC,1-204-665-1752,https://robohash.org/Foster.png?size=500x500&set=set1
Lilyan,Morar,lilyan@grahambeatty.org,Davis LLC,(889) 922-4343,https://robohash.org/Lilyan.png?size=500x500&set=set1
Adele,Shields,adele@runolfon.biz,"Strosin, Medhurst and Schmeler",575-642-1976,https://robohash.org/Adele.png?size=500x500&set=set1
Jamal,Crona,jamal@schuster.name,Johns Inc,1-106-871-5497,https://robohash.org/Jamal.png?size=500x500&set=set1
Nicola,Nicolas,nicola@spencerhilll.co,Eichmann Inc,959-407-5313,https://robohash.org/Nicola.png?size=500x500&set=set1
Kayley,Lakin,kayley@spinka.org,"Cole, Roberts and Gleason",953.782.5082,https://robohash.org/Kayley.png?size=500x500&set=set1
Celia,Kirlin,celia@lockmandare.info,"Stark, Barrows and Beahan",886.406.3152,https://robohash.org/Celia.png?size=500x500&set=set1
Gudrun,Towne,gudrun@ferry.name,McGlynn-Haag,994.176.6885,https://robohash.org/Gudrun.png?size=500x500&set=set1
Yasmin,Lehner,yasmin@vonruedenmarquardt.biz,"Ankunding, Stark and Hartmann",(956) 939-5919,https://robohash.org/Yasmin.png?size=500x500&set=set1
Darien,Little,darien@bins.name,Abernathy-Marvin,(444) 584-4785,https://robohash.org/Darien.png?size=500x500&set=set1
Jaunita,Stiedemann,jaunita@quigley.name,Paucek Inc,(575) 819-1695,https://robohash.org/Jaunita.png?size=500x500&set=set1
Malcolm,Gerhold,malcolm@volkman.net,Keeling-Gottlieb,772-040-6069,https://robohash.org/Malcolm.png?size=500x500&set=set1
Alvina,Connelly,alvina@white.net,Hilpert-Greenfelder,(347) 925-3466,https://robohash.org/Alvina.png?size=500x500&set=set1
Ada,Gislason,ada@murray.io,Bauch-Hegmann,647.852.1477,https://robohash.org/Ada.png?size=500x500&set=set1
Makenzie,Sipes,makenzie@carrollbradtke.co,Crist Group,381-022-7325,https://robohash.org/Makenzie.png?size=500x500&set=set1
Terrell,Donnelly,terrell@dach.co,"Kunze, O'Connell and Lueilwitz",1-738-645-7315,https://robohash.org/Terrell.png?size=500x500&set=set1
Lesley,Gusikowski,lesley@jacobson.net,Keeling LLC,(713) 795-9827,https://robohash.org/Lesley.png?size=500x500&set=set1
Eliza,Treutel,eliza@flatley.org,"Bode, Cormier and Schmidt",(175) 471-2126,https://robohash.org/Eliza.png?size=500x500&set=set1
Alana,Hackett,alana@deckow.biz,"Block, Nikolaus and Raynor",1-262-087-4841,https://robohash.org/Alana.png?size=500x500&set=set1
Tamia,Bartoletti,tamia@lakin.org,Bayer and Sons,848.565.4697,https://robohash.org/Tamia.png?size=500x500&set=set1
Alvena,Doyle,alvena@bergnaum.co,Bauch and Sons,(857) 829-9839,https://robohash.org/Alvena.png?size=500x500&set=set1
Glenda,Hintz,glenda@reilly.info,Dickinson Group,(469) 516-8908,https://robohash.org/Glenda.png?size=500x500&set=set1
Josue,Schiller,josue@smithamhyatt.io,D'Amore-Howell,1-661-796-2411,https://robohash.org/Josue.png?size=500x500&set=set1
Stacy,O'Connell,stacy@rathfisher.com,"Bayer, Rohan and Runolfsdottir",1-668-644-1678,https://robohash.org/Stacy.png?size=500x500&set=set1
Ludie,Krajcik,ludie@cummerataoconnell.name,"Carter, Lueilwitz and Hagenes",1-137-290-8249,https://robohash.org/Ludie.png?size=500x500&set=set1
Sarina,Nienow,sarina@glover.biz,"Kassulke, Anderson and Block",(837) 056-1765,https://robohash.org/Sarina.png?size=500x500&set=set1
Janis,Schiller,janis@thompson.com,Stamm-Legros,633-730-2953,https://robohash.org/Janis.png?size=500x500&set=set1
Arlie,Thompson,arlie@bartellkerluke.com,Batz LLC,1-746-697-6645,https://robohash.org/Arlie.png?size=500x500&set=set1
Royce,Nienow,royce@torp.co,Rath-Hermiston,1-754-701-9196,https://robohash.org/Royce.png?size=500x500&set=set1
Annamarie,Gislason,annamarie@aufderhar.info,Mann and Sons,1-128-275-2016,https://robohash.org/Annamarie.png?size=500x500&set=set1
Myrna,Jacobs,myrna@conn.io,McKenzie and Sons,690-248-6199,https://robohash.org/Myrna.png?size=500x500&set=set1
Loma,Roberts,loma@flatley.name,"D'Amore, Maggio and Mayert",675-721-8792,https://robohash.org/Loma.png?size=500x500&set=set1
Charlene,Beatty,charlene@heathcote.co,Lowe-Johnson,651-521-1471,https://robohash.org/Charlene.png?size=500x500&set=set1
Braden,Runolfsson,braden@boehm.biz,"Howe, Dach and Breitenberg",445.815.0305,https://robohash.org/Braden.png?size=500x500&set=set1
Ahmad,Weissnat,ahmad@dickinson.biz,Fritsch Inc,451.072.9189,https://robohash.org/Ahmad.png?size=500x500&set=set1
Tressa,Nicolas,tressa@huels.org,"Lowe, Doyle and Hansen",(984) 393-3091,https://robohash.org/Tressa.png?size=500x500&set=set1
Jalen,Abbott,jalen@schaden.org,"Gusikowski, Feest and Jast",413.348.3274,https://robohash.org/Jalen.png?size=500x500&set=set1
Walker,Hudson,walker@hillsohara.biz,"Tromp, Stamm and Kovacek",(818) 011-1025,https://robohash.org/Walker.png?size=500x500&set=set1
Kitty,Koepp,kitty@purdy.io,Leannon and Sons,1-539-078-4899,https://robohash.org/Kitty.png?size=500x500&set=set1
Kayden,Schulist,kayden@kozey.name,"DuBuque, Waelchi and Balistreri",924-960-8898,https://robohash.org/Kayden.png?size=500x500&set=set1
Clair,Stracke,clair@hane.info,"Schroeder, Turner and Senger",1-534-060-7114,https://robohash.org/Clair.png?size=500x500&set=set1
Jalon,Metz,jalon@gerlachoreilly.info,Schmeler-Johns,1-118-343-3638,https://robohash.org/Jalon.png?size=500x500&set=set1
Antonietta,Waelchi,antonietta@waters.io,"Bailey, Schuster and Kessler",1-643-412-7562,https://robohash.org/Antonietta.png?size=500x500&set=set1
Rusty,Larkin,rusty@heaney.io,Rempel Inc,1-529-306-8327,https://robohash.org/Rusty.png?size=500x500&set=set1
Yazmin,Aufderhar,yazmin@brekke.biz,O'Reilly Group,130-375-0701,https://robohash.org/Yazmin.png?size=500x500&set=set1
Idella,Sporer,idella@cummings.name,Rohan-Schultz,1-512-858-6411,https://robohash.org/Idella.png?size=500x500&set=set1
Courtney,Jacobs,courtney@nicolasarmstrong.com,"Walker, Watsica and Streich",(622) 228-7562,https://robohash.org/Courtney.png?size=500x500&set=set1
Austyn,Hayes,austyn@torphydubuque.name,Stamm-Ortiz,1-341-220-8233,https://robohash.org/Austyn.png?size=500x500&set=set1
Modesta,Hickle,modesta@hudson.co,"Braun, Boyle and Lynch",(292) 746-4375,https://robohash.org/Modesta.png?size=500x500&set=set1
Rosetta,Flatley,rosetta@beatty.co,Emard LLC,620-585-1039,https://robohash.org/Rosetta.png?size=500x500&set=set1
Molly,Little,molly@bartoletti.org,"Mosciski, Corkery and Hauck",1-614-505-7665,https://robohash.org/Molly.png?size=500x500&set=set1
Brannon,Adams,brannon@oberbrunnerbrekke.name,"Moore, Ebert and Goyette",414.888.5459,https://robohash.org/Brannon.png?size=500x500&set=set1
Sage,Beatty,sage@mcglynn.biz,Ernser Group,434.252.8538,https://robohash.org/Sage.png?size=500x500&set=set1
Thurman,Walter,thurman@reynolds.org,Gibson LLC,527-474-3076,https://robohash.org/Thurman.png?size=500x500&set=set1
Travon,Jakubowski,travon@rohan.co,Toy Group,711.278.0379,https://robohash.org/Travon.png?size=500x500&set=set1
Darron,Tremblay,darron@tromp.com,"Konopelski, Koelpin and Konopelski",980-371-6381,https://robohash.org/Darron.png?size=500x500&set=set1
Reese,Okuneva,reese@christiansen.io,"Balistreri, Ullrich and Schultz",1-535-229-1462,https://robohash.org/Reese.png?size=500x500&set=set1
Geovany,Koepp,geovany@huels.biz,Rippin-Senger,(756) 052-5160,https://robohash.org/Geovany.png?size=500x500&set=set1
Kayley,Waters,kayley@stoltenberg.net,"Funk, Hegmann and Nolan",910.595.5528,https://robohash.org/Kayley.png?size=500x500&set=set1
Melvin,Dibbert,melvin@towne.net,"Will, Hahn and Ward",1-945-072-0634,https://robohash.org/Melvin.png?size=500x500&set=set1
Carroll,Dooley,carroll@greenfelder.name,Mertz-Kuphal,(578) 615-8910,https://robohash.org/Carroll.png?size=500x500&set=set1
Elody,Kiehn,elody@considinefranecki.io,Mitchell-Trantow,1-599-415-7372,https://robohash.org/Elody.png?size=500x500&set=set1
Abigale,Hyatt,abigale@weimann.co,"Adams, Hermann and Wyman",314.219.5342,https://robohash.org/Abigale.png?size=500x500&set=set1
Owen,Heaney,owen@halvorson.net,Collins Inc,913.195.1028,https://robohash.org/Owen.png?size=500x500&set=set1
Immanuel,Fritsch,immanuel@willbashirian.biz,Zboncak LLC,418.414.9576,https://robohash.org/Immanuel.png?size=500x500&set=set1
Drew,Hilll,drew@willms.co,Daugherty and Sons,1-401-043-7223,https://robohash.org/Drew.png?size=500x500&set=set1
Daphne,Mertz,daphne@bashirian.net,"Nitzsche, Shields and Bahringer",(291) 691-5752,https://robohash.org/Daphne.png?size=500x500&set=set1
Tomas,Bauch,tomas@cremin.net,Mante-Kozey,1-657-875-4482,https://robohash.org/Tomas.png?size=500x500&set=set1
Jodie,Smitham,jodie@braun.io,Padberg Inc,988-851-5576,https://robohash.org/Jodie.png?size=500x500&set=set1
Ozzie,Moen,ozzie@bauch.co,Cormier Inc,(103) 573-1374,https://robohash.org/Ozzie.png?size=500x500&set=set1
Colby,Bogisich,colby@pfannerstill.org,Cormier LLC,(294) 564-3459,https://robohash.org/Colby.png?size=500x500&set=set1
Marilyne,Schiller,marilyne@cummings.io,Bartell-Veum,842.691.2887,https://robohash.org/Marilyne.png?size=500x500&set=set1
Kay,Schuster,kay@klocko.com,"Dickens, Connelly and West",441-286-1200,https://robohash.org/Kay.png?size=500x500&set=set1
Taya,Murazik,taya@beier.com,"Labadie, Bruen and Tromp",(117) 301-5400,https://robohash.org/Taya.png?size=500x500&set=set1
Ransom,Jacobson,ransom@schaeferwelch.net,Zemlak Inc,562-801-5364,https://robohash.org/Ransom.png?size=500x500&set=set1
Treva,Breitenberg,treva@witting.net,Abbott-McClure,455.410.4231,https://robohash.org/Treva.png?size=500x500&set=set1
Camren,Torphy,camren@keler.biz,"McCullough, Waters and Wuckert",555.076.9408,https://robohash.org/Camren.png?size=500x500&set=set1
Madaline,Bode,madaline@bradtke.com,Jerde-Leuschke,602-816-4744,https://robohash.org/Madaline.png?size=500x500&set=set1
Beatrice,Bogan,beatrice@ohara.name,"Reynolds, Zieme and Hermiston",798.346.0606,https://robohash.org/Beatrice.png?size=500x500&set=set1
Brody,Dare,brody@kling.co,"Ernser, Raynor and Kuphal",1-590-161-1044,https://robohash.org/Brody.png?size=500x500&set=set1
Milton,Crona,milton@gottlieb.net,"Harvey, Paucek and Padberg",1-699-540-6009,https://robohash.org/Milton.png?size=500x500&set=set1
Baylee,Jerde,baylee@kilbackschuppe.com,Emmerich-Lubowitz,(839) 637-5225,https://robohash.org/Baylee.png?size=500x500&set=set1
Nat,Nikolaus,nat@heaney.biz,Thompson-McClure,704.263.9314,https://robohash.org/Nat.png?size=500x500&set=set1
Dorian,Lang,dorian@krajcik.io,Koepp-Schumm,(693) 865-9223,https://robohash.org/Dorian.png?size=500x500&set=set1
Ariane,Lemke,ariane@mckenzie.com,Reilly Inc,1-605-326-2482,https://robohash.org/Ariane.png?size=500x500&set=set1
Carmel,Okuneva,carmel@crooks.name,Harber Group,(644) 117-1981,https://robohash.org/Carmel.png?size=500x500&set=set1
Maria,Borer,maria@stark.co,White-Williamson,445-112-0021,https://robohash.org/Maria.png?size=500x500&set=set1
Yvette,Maggio,yvette@oconner.co,Ritchie LLC,369-856-8985,https://robohash.org/Yvette.png?size=500x500&set=set1
Hoyt,Gusikowski,hoyt@walshkris.biz,Larkin Group,1-759-002-6849,https://robohash.org/Hoyt.png?size=500x500&set=set1
Geovanny,Kunze,geovanny@murray.net,"Sauer, Doyle and Koss",970.885.0810,https://robohash.org/Geovanny.png?size=500x500&set=set1
Edna,Hamill,edna@batzgusikowski.biz,Bayer Inc,1-898-906-6549,https://robohash.org/Edna.png?size=500x500&set=set1
Hermina,Hermiston,hermina@okon.info,Moen and Sons,(409) 528-7585,https://robohash.org/Hermina.png?size=500x500&set=set1
Conner,Bechtelar,conner@hirthe.biz,Sporer-Quitzon,831.814.6428,https://robohash.org/Conner.png?size=500x500&set=set1
Ferne,Tremblay,ferne@barrows.org,Zieme Inc,1-930-773-1208,https://robohash.org/Ferne.png?size=500x500&set=set1
Omari,McKenzie,omari@fahey.org,Kunde-Blick,(516) 341-1404,https://robohash.org/Omari.png?size=500x500&set=set1
Jordi,Douglas,jordi@franeckibraun.com,"Lemke, Schuster and Gulgowski",(837) 094-5379,https://robohash.org/Jordi.png?size=500x500&set=set1
Deja,Breitenberg,deja@maggioboehm.net,Kilback-Brown,1-554-768-6366,https://robohash.org/Deja.png?size=500x500&set=set1
Daija,Robel,daija@crist.co,"Auer, O'Reilly and Schinner",1-640-718-0919,https://robohash.org/Daija.png?size=500x500&set=set1
Benton,Langworth,benton@johnson.io,"Cartwright, Smitham and Nitzsche",258-045-2336,https://robohash.org/Benton.png?size=500x500&set=set1
Tierra,Runolfsson,tierra@gerholdcremin.name,"Gaylord, Deckow and Zboncak",876.027.6185,https://robohash.org/Tierra.png?size=500x500&set=set1
Osbaldo,Connelly,osbaldo@runolfsdottirwalter.io,"Hagenes, Wyman and Schmeler",(123) 362-7385,https://robohash.org/Osbaldo.png?size=500x500&set=set1
Willis,Larson,willis@brekke.info,Hoeger-Wolf,(681) 647-0949,https://robohash.org/Willis.png?size=500x500&set=set1
Joesph,Nitzsche,joesph@mcdermott.org,"Weissnat, Yost and Zulauf",(240) 365-2934,https://robohash.org/Joesph.png?size=500x500&set=set1
Alexa,Cole,alexa@braungrady.info,DuBuque-Lind,803.953.1551,https://robohash.org/Alexa.png?size=500x500&set=set1
Keira,Kohler,keira@hoppe.info,Quigley-Conn,670.489.6336,https://robohash.org/Keira.png?size=500x500&set=set1
Elissa,Emard,elissa@senger.io,Dooley-O'Conner,1-522-958-0802,https://robohash.org/Elissa.png?size=500x500&set=set1
Fritz,Schmidt,fritz@denesik.io,"Marvin, Shields and Upton",(563) 306-7015,https://robohash.org/Fritz.png?size=500x500&set=set1
Else,Hills,else@volkman.biz,Schulist-McClure,845-007-0485,https://robohash.org/Else.png?size=500x500&set=set1
Bridget,Bogisich,bridget@mcclure.org,Marks-Brown,210-351-8021,https://robohash.org/Bridget.png?size=500x500&set=set1
Irving,Goyette,irving@oconnerondricka.co,Cassin-Wisoky,(769) 188-8614,https://robohash.org/Irving.png?size=500x500&set=set1
Otha,O'Connell,otha@kilback.net,Gaylord Inc,767-692-8239,https://robohash.org/Otha.png?size=500x500&set=set1
Anissa,Bernier,anissa@danielborer.io,Johnston-Boyer,1-644-713-6223,https://robohash.org/Anissa.png?size=500x500&set=set1
Chad,Legros,chad@zemlak.org,Lockman-Hickle,(662) 502-9095,https://robohash.org/Chad.png?size=500x500&set=set1
Gregorio,Reynolds,gregorio@daniel.net,Balistreri and Sons,692.482.3295,https://robohash.org/Gregorio.png?size=500x500&set=set1
Sigrid,Stamm,sigrid@mann.org,Conn-Price,686-161-2107,https://robohash.org/Sigrid.png?size=500x500&set=set1
Alan,Weimann,alan@lakin.com,Torphy-Ratke,429-767-7019,https://robohash.org/Alan.png?size=500x500&set=set1
Linnea,Funk,linnea@mohrcarroll.co,Tillman-Hane,(285) 369-0369,https://robohash.org/Linnea.png?size=500x500&set=set1
Amara,Bogan,amara@rolfson.net,"Hilpert, Jacobs and Feest",290-416-5447,https://robohash.org/Amara.png?size=500x500&set=set1
Jade,Klocko,jade@reichel.org,Conn-VonRueden,1-971-979-8310,https://robohash.org/Jade.png?size=500x500&set=set1
Emerald,Zieme,emerald@emardbreitenberg.co,Schmitt and Sons,378-163-2565,https://robohash.org/Emerald.png?size=500x500&set=set1
Tre,Conn,tre@schowalter.org,"Mills, Hand and Jacobs",(562) 430-7832,https://robohash.org/Tre.png?size=500x500&set=set1
Alia,Klein,alia@hackett.io,"Goodwin, Hansen and Hermann",452.852.6931,https://robohash.org/Alia.png?size=500x500&set=set1
Heather,Ortiz,heather@breitenberg.com,Rowe Inc,1-656-004-9325,https://robohash.org/Heather.png?size=500x500&set=set1
Eryn,Schamberger,eryn@bogisich.info,Dickens-Green,1-591-790-3550,https://robohash.org/Eryn.png?size=500x500&set=set1
Phyllis,Bogan,phyllis@bogisich.net,Skiles LLC,545.837.4600,https://robohash.org/Phyllis.png?size=500x500&set=set1
Pedro,Funk,pedro@macejkovic.name,Schaefer and Sons,980-143-8292,https://robohash.org/Pedro.png?size=500x500&set=set1
Ervin,Jenkins,ervin@willms.info,Dicki and Sons,1-508-670-6058,https://robohash.org/Ervin.png?size=500x500&set=set1
Deon,Farrell,deon@bernier.co,Ferry-Rohan,(909) 706-1791,https://robohash.org/Deon.png?size=500x500&set=set1
Lucious,Zemlak,lucious@daugherty.com,Hartmann Inc,(904) 540-6567,https://robohash.org/Lucious.png?size=500x500&set=set1
Cale,Weimann,cale@mertzpfeffer.biz,Kuhlman Group,854-993-6327,https://robohash.org/Cale.png?size=500x500&set=set1
Jeramie,Keeling,jeramie@ernser.co,Mertz-Bartell,392.810.4963,https://robohash.org/Jeramie.png?size=500x500&set=set1
Darwin,Boyer,darwin@rohan.io,Crona-Aufderhar,219-961-7388,https://robohash.org/Darwin.png?size=500x500&set=set1
Kiarra,Buckridge,kiarra@hackett.io,Huels Inc,1-810-909-6345,https://robohash.org/Kiarra.png?size=500x500&set=set1
Lennie,Kuvalis,lennie@hermannmacejkovic.info,"Dooley, Mills and Thiel",348-544-1612,https://robohash.org/Lennie.png?size=500x500&set=set1
Estell,Paucek,estell@ruel.biz,Altenwerth-Ward,(164) 097-9435,https://robohash.org/Estell.png?size=500x500&set=set1
Antone,Johns,antone@rempelhayes.biz,Kling-Corkery,517.706.6869,https://robohash.org/Antone.png?size=500x500&set=set1
Janet,Murphy,janet@heathcote.com,Abshire-Grady,673-979-4870,https://robohash.org/Janet.png?size=500x500&set=set1
Lenore,Wilderman,lenore@kuphalfay.biz,Lubowitz-Ferry,(944) 489-4874,https://robohash.org/Lenore.png?size=500x500&set=set1
Stone,Denesik,stone@homenick.co,Olson and Sons,145.387.0220,https://robohash.org/Stone.png?size=500x500&set=set1
Jovan,Rowe,jovan@gibson.biz,"Kshlerin, McLaughlin and McClure",(587) 601-2025,https://robohash.org/Jovan.png?size=500x500&set=set1
Sage,Paucek,sage@ruelmccullough.info,"Waelchi, Nicolas and Auer",798-754-3401,https://robohash.org/Sage.png?size=500x500&set=set1
Marianna,Mueller,marianna@turnerjenkins.net,Hessel Group,(817) 751-2551,https://robohash.org/Marianna.png?size=500x500&set=set1
Dana,Padberg,dana@jacobson.co,Barton-Crona,(261) 971-8831,https://robohash.org/Dana.png?size=500x500&set=set1
Angeline,Cruickshank,angeline@ward.org,"Raynor, Bruen and Tremblay",347-982-9797,https://robohash.org/Angeline.png?size=500x500&set=set1
Deshaun,Brekke,deshaun@fadel.com,McKenzie LLC,1-224-565-6495,https://robohash.org/Deshaun.png?size=500x500&set=set1
Anika,Howell,anika@hilpert.biz,Ziemann-Gerlach,664-681-0646,https://robohash.org/Anika.png?size=500x500&set=set1
Roberta,Lynch,roberta@johns.co,"Stokes, Ernser and Bernier",446-978-0806,https://robohash.org/Roberta.png?size=500x500&set=set1
Marty,Hegmann,marty@schultzdenesik.net,"Hayes, Schumm and Thiel",1-596-323-8861,https://robohash.org/Marty.png?size=500x500&set=set1
Claud,Rolfson,claud@ziemann.org,Erdman Inc,491-389-5798,https://robohash.org/Claud.png?size=500x500&set=set1
Ahmad,Ziemann,ahmad@waelchi.co,"McDermott, Lang and Ledner",461.295.2278,https://robohash.org/Ahmad.png?size=500x500&set=set1
Garnett,Willms,garnett@powlowski.io,Quitzon Group,1-632-145-7056,https://robohash.org/Garnett.png?size=500x500&set=set1
Delilah,Donnelly,delilah@hoppeokeefe.co,Feest-Langworth,1-284-474-9594,https://robohash.org/Delilah.png?size=500x500&set=set1
Taryn,Marks,taryn@murray.name,Jenkins-Rowe,839.671.2193,https://robohash.org/Taryn.png?size=500x500&set=set1
Triston,Parisian,triston@collier.net,Raynor-Swift,421-058-6024,https://robohash.org/Triston.png?size=500x500&set=set1
Jarret,Christiansen,jarret@carroll.net,Price-Gibson,1-742-159-0274,https://robohash.org/Jarret.png?size=500x500&set=set1
Kaylie,Prosacco,kaylie@hirthe.co,Hoeger-Gaylord,(568) 622-5326,https://robohash.org/Kaylie.png?size=500x500&set=set1
Brendan,Dibbert,brendan@wiza.co,"Luettgen, Effertz and Spinka",1-800-733-5191,https://robohash.org/Brendan.png?size=500x500&set=set1
Parker,Bechtelar,parker@ruel.biz,Carroll Inc,(833) 334-7786,https://robohash.org/Parker.png?size=500x500&set=set1
Abbey,Wiegand,abbey@murphy.net,"Sawayn, Bogisich and Purdy",900.366.6255,https://robohash.org/Abbey.png?size=500x500&set=set1
Cielo,Nicolas,cielo@bogisich.net,Pouros Inc,459.343.9616,https://robohash.org/Cielo.png?size=500x500&set=set1
Norval,Kulas,norval@baumbach.biz,Weber-Weissnat,1-553-615-7064,https://robohash.org/Norval.png?size=500x500&set=set1
Reyna,Okuneva,reyna@keeling.info,Deckow Inc,1-434-069-9770,https://robohash.org/Reyna.png?size=500x500&set=set1
Larissa,Ruecker,larissa@krajcik.co,Grimes and Sons,1-705-217-6679,https://robohash.org/Larissa.png?size=500x500&set=set1
Myrtie,Beahan,myrtie@wilkinson.com,Baumbach Inc,860.339.2833,https://robohash.org/Myrtie.png?size=500x500&set=set1
Garfield,Witting,garfield@bradtke.name,Rutherford-Moore,1-262-802-6101,https://robohash.org/Garfield.png?size=500x500&set=set1
Nya,Fritsch,nya@balistreri.com,Sanford Group,(669) 641-8054,https://robohash.org/Nya.png?size=500x500&set=set1
Tristin,Schultz,tristin@lemke.name,Hahn LLC,726.806.1124,https://robohash.org/Tristin.png?size=500x500&set=set1
Taya,Stark,taya@lind.name,"Kassulke, Jaskolski and Stark",506.431.6925,https://robohash.org/Taya.png?size=500x500&set=set1
Hadley,Miller,hadley@ricepouros.io,Hahn-Ritchie,(634) 489-2424,https://robohash.org/Hadley.png?size=500x500&set=set1
Tianna,Bauch,tianna@schmeler.biz,"Daniel, Rau and Zulauf",(322) 167-8160,https://robohash.org/Tianna.png?size=500x500&set=set1
Claudie,Vandervort,claudie@romaguera.net,"Howell, Lind and Gulgowski",467-052-5027,https://robohash.org/Claudie.png?size=500x500&set=set1
Katrine,Reichert,katrine@rodriguezdouglas.co,Jacobi Inc,1-675-449-2446,https://robohash.org/Katrine.png?size=500x500&set=set1
Magali,Goyette,magali@lang.org,"Williamson, Bergnaum and Towne",1-983-280-3395,https://robohash.org/Magali.png?size=500x500&set=set1
Orlando,Little,orlando@gleichner.io,Reinger LLC,(734) 545-6926,https://robohash.org/Orlando.png?size=500x500&set=set1
Kirstin,Heller,kirstin@medhurst.info,Gutkowski Inc,1-226-393-9107,https://robohash.org/Kirstin.png?size=500x500&set=set1
Addie,Doyle,addie@herzog.name,Jenkins Inc,1-652-636-3413,https://robohash.org/Addie.png?size=500x500&set=set1
Gudrun,Funk,gudrun@abbott.com,"Ritchie, Gerlach and Kuphal",(884) 498-9217,https://robohash.org/Gudrun.png?size=500x500&set=set1
Orlo,Bergnaum,orlo@kofranecki.org,"Kozey, Anderson and Lind",510.627.2760,https://robohash.org/Orlo.png?size=500x500&set=set1
Brooks,Stamm,brooks@damoregleason.co,Schmitt-Purdy,(473) 057-6821,https://robohash.org/Brooks.png?size=500x500&set=set1
Celia,Grant,celia@wilkinson.co,Reilly Inc,(418) 159-3588,https://robohash.org/Celia.png?size=500x500&set=set1
Loy,Jacobson,loy@brekkecorwin.org,Streich-Connelly,1-263-535-6014,https://robohash.org/Loy.png?size=500x500&set=set1
Dena,Boyle,dena@renner.co,"Beer, Greenholt and Runolfsson",(515) 916-4496,https://robohash.org/Dena.png?size=500x500&set=set1
Jeffrey,Cremin,jeffrey@walteroberbrunner.net,Weber LLC,483-312-6872,https://robohash.org/Jeffrey.png?size=500x500&set=set1
Franz,Kuvalis,franz@kerluke.net,Cremin-Bogan,742.152.8344,https://robohash.org/Franz.png?size=500x500&set=set1
Justine,Collier,justine@zemlak.com,Hodkiewicz Inc,105-552-0813,https://robohash.org/Justine.png?size=500x500&set=set1
Liam,Ryan,liam@jones.info,"Lind, Kutch and Breitenberg",405-484-6619,https://robohash.org/Liam.png?size=500x500&set=set1
Luz,Mohr,luz@ankundingmueller.co,Hirthe LLC,493.730.8494,https://robohash.org/Luz.png?size=500x500&set=set1
Bradford,Blanda,bradford@hermann.biz,"Howe, Stokes and Schinner",978.732.6094,https://robohash.org/Bradford.png?size=500x500&set=set1
Andreanne,Kunze,andreanne@white.name,McLaughlin and Sons,110.167.9080,https://robohash.org/Andreanne.png?size=500x500&set=set1
Enrique,Brown,enrique@altenwerth.name,West and Sons,(994) 022-2197,https://robohash.org/Enrique.png?size=500x500&set=set1
Antonina,Bogisich,antonina@schadenjast.org,"Howe, Von and O'Connell",1-125-204-8009,https://robohash.org/Antonina.png?size=500x500&set=set1
Alec,Bahringer,alec@schadenoreilly.net,McClure and Sons,(254) 604-7667,https://robohash.org/Alec.png?size=500x500&set=set1
Rhea,Schulist,rhea@heathcotejones.info,"Gusikowski, Harvey and Sanford",641-604-1813,https://robohash.org/Rhea.png?size=500x500&set=set1
Haskell,Koelpin,haskell@lemke.io,"Schamberger, Frami and Weimann",388-596-9544,https://robohash.org/Haskell.png?size=500x500&set=set1
Elroy,Tillman,elroy@kerluke.net,"Schowalter, O'Hara and Hoeger",1-937-862-1934,https://robohash.org/Elroy.png?size=500x500&set=set1
Bette,Larson,bette@strosinoberbrunner.net,Oberbrunner-Walter,152.311.7643,https://robohash.org/Bette.png?size=500x500&set=set1
Dianna,Kuvalis,dianna@mante.name,Will-Schneider,757.568.2299,https://robohash.org/Dianna.png?size=500x500&set=set1
Marlen,Mills,marlen@schroederdaniel.biz,Schroeder Inc,184-592-6852,https://robohash.org/Marlen.png?size=500x500&set=set1
Electa,Lindgren,electa@ritchie.com,"Reynolds, Bailey and O'Connell",504-229-6336,https://robohash.org/Electa.png?size=500x500&set=set1
Yvette,Gusikowski,yvette@aufderharweinat.name,Beier Group,102.099.1700,https://robohash.org/Yvette.png?size=500x500&set=set1
Ambrose,Emard,ambrose@collins.net,"Murphy, Runolfsson and Grimes",524-573-2786,https://robohash.org/Ambrose.png?size=500x500&set=set1
Sadye,Prosacco,sadye@schowalterhirthe.org,"Schneider, Douglas and Yundt",515-826-6643,https://robohash.org/Sadye.png?size=500x500&set=set1
Erich,Abernathy,erich@lockmanmurphy.co,Reichel and Sons,1-688-995-5802,https://robohash.org/Erich.png?size=500x500&set=set1
Christiana,Schneider,christiana@macejkovic.name,Strosin LLC,854-374-5183,https://robohash.org/Christiana.png?size=500x500&set=set1
Glennie,Ferry,glennie@rippin.org,Smitham LLC,965.323.2041,https://robohash.org/Glennie.png?size=500x500&set=set1
Brooks,Herman,brooks@raynor.biz,Kris-Bahringer,210.757.8730,https://robohash.org/Brooks.png?size=500x500&set=set1
Whitney,Macejkovic,whitney@goldnersteuber.co,"Dickens, Altenwerth and Balistreri",1-498-735-1521,https://robohash.org/Whitney.png?size=500x500&set=set1
Judd,Hermiston,judd@stromanconn.name,"Langosh, Bode and Prohaska",899.633.6355,https://robohash.org/Judd.png?size=500x500&set=set1
Nannie,Swift,nannie@gutkowskirau.com,Bernhard-Waters,799-791-5664,https://robohash.org/Nannie.png?size=500x500&set=set1
Jon,Ziemann,jon@terry.info,Littel Group,(266) 121-2565,https://robohash.org/Jon.png?size=500x500&set=set1
Chester,Schuster,chester@reynoldslesch.co,Kshlerin-Zboncak,396-977-8447,https://robohash.org/Chester.png?size=500x500&set=set1
Fausto,McDermott,fausto@walsh.org,"Gerlach, Kreiger and Haley",740-545-6856,https://robohash.org/Fausto.png?size=500x500&set=set1
Gabriel,Bayer,gabriel@kingtillman.net,Murray-Reinger,1-447-980-0732,https://robohash.org/Gabriel.png?size=500x500&set=set1
Gene,O'Connell,gene@auer.info,Abernathy Inc,623-510-1754,https://robohash.org/Gene.png?size=500x500&set=set1
Allene,Sipes,allene@ko.co,"Hoeger, Murray and Orn",1-504-054-2699,https://robohash.org/Allene.png?size=500x500&set=set1
Georgiana,Berge,georgiana@beer.io,Mitchell-Anderson,500.618.5077,https://robohash.org/Georgiana.png?size=500x500&set=set1
Faye,Sawayn,faye@powlowskirohan.io,"Bernhard, Kohler and McLaughlin",(490) 370-0131,https://robohash.org/Faye.png?size=500x500&set=set1
Bettye,Batz,bettye@zulauf.name,"Blanda, Glover and Bauch",935.452.2686,https://robohash.org/Bettye.png?size=500x500&set=set1
Alfreda,Mitchell,alfreda@starkluettgen.net,"Padberg, Baumbach and Considine",1-808-153-0678,https://robohash.org/Alfreda.png?size=500x500&set=set1
Domingo,Langosh,domingo@willms.io,Kiehn-Herzog,931.938.0200,https://robohash.org/Domingo.png?size=500x500&set=set1
Irving,Bailey,irving@shieldsgerlach.com,Dietrich LLC,1-800-726-1006,https://robohash.org/Irving.png?size=500x500&set=set1
Kenton,Pfeffer,kenton@roob.biz,"Schmidt, Quitzon and Nader",706.081.0856,https://robohash.org/Kenton.png?size=500x500&set=set1
Katelyn,Hermiston,katelyn@cartwright.org,Heaney Group,821-282-7272,https://robohash.org/Katelyn.png?size=500x500&set=set1
Luisa,Daugherty,luisa@shanahan.com,Douglas Group,598-192-5021,https://robohash.org/Luisa.png?size=500x500&set=set1
Edgar,Schoen,edgar@hansentillman.name,"Beatty, McDermott and Wiegand",(546) 682-1078,https://robohash.org/Edgar.png?size=500x500&set=set1
Abbey,Dooley,abbey@mitchell.biz,"Sipes, Kihn and Hansen",531-936-0885,https://robohash.org/Abbey.png?size=500x500&set=set1
Krystel,Graham,krystel@bradtke.name,Donnelly Group,455.581.1876,https://robohash.org/Krystel.png?size=500x500&set=set1
Ida,Osinski,ida@howell.net,"Rodriguez, Koepp and Johnson",1-589-009-3415,https://robohash.org/Ida.png?size=500x500&set=set1
Stacy,Gusikowski,stacy@koch.net,Hodkiewicz LLC,(893) 682-1080,https://robohash.org/Stacy.png?size=500x500&set=set1
Sofia,Effertz,sofia@lakin.org,"Murray, Heathcote and Hodkiewicz",1-734-723-7050,https://robohash.org/Sofia.png?size=500x500&set=set1
Moshe,Botsford,moshe@feest.com,"Pagac, Waelchi and Prohaska",1-973-737-3278,https://robohash.org/Moshe.png?size=500x500&set=set1
Lyda,Hauck,lyda@stokeswunsch.org,"Mosciski, Koss and Gaylord",501.362.7191,https://robohash.org/Lyda.png?size=500x500&set=set1
Thurman,Wunsch,thurman@jones.com,Hane Inc,955.448.9764,https://robohash.org/Thurman.png?size=500x500&set=set1
Alan,Hahn,alan@abernathy.com,Beier-Tillman,(356) 250-2054,https://robohash.org/Alan.png?size=500x500&set=set1
Marquise,Dooley,marquise@wehner.net,"Gottlieb, Block and Gleason",(339) 557-2558,https://robohash.org/Marquise.png?size=500x500&set=set1
Al,Zulauf,al@lakinwest.info,Langworth-Hettinger,898.578.2580,https://robohash.org/Al.png?size=500x500&set=set1
Jevon,VonRueden,jevon@quitzonsipes.net,Hermann Inc,1-827-761-9304,https://robohash.org/Jevon.png?size=500x500&set=set1
Layne,Satterfield,layne@gorczany.info,McDermott Group,188-450-5177,https://robohash.org/Layne.png?size=500x500&set=set1
Everardo,O'Connell,everardo@hamill.co,"McCullough, Haley and Kuphal",736.595.4996,https://robohash.org/Everardo.png?size=500x500&set=set1
Harmony,Schneider,harmony@pauceklynch.co,"Gorczany, Kreiger and Turner",1-865-300-6859,https://robohash.org/Harmony.png?size=500x500&set=set1
Kelton,Williamson,kelton@christiansen.name,Goyette-Mayer,330-181-9998,https://robohash.org/Kelton.png?size=500x500&set=set1
Celestine,McDermott,celestine@bartell.co,Roberts Inc,(968) 033-3525,https://robohash.org/Celestine.png?size=500x500&set=set1
Paris,Okuneva,paris@ortiztorphy.name,Fay Inc,(923) 918-6541,https://robohash.org/Paris.png?size=500x500&set=set1
Jimmy,Hyatt,jimmy@bruenlabadie.net,Bednar Group,(769) 143-8487,https://robohash.org/Jimmy.png?size=500x500&set=set1
Alexandra,Altenwerth,alexandra@kreigerabbott.com,"Bartoletti, Watsica and Goldner",816-891-5616,https://robohash.org/Alexandra.png?size=500x500&set=set1
Brant,Sauer,brant@pricehomenick.net,Ward LLC,1-843-121-0130,https://robohash.org/Brant.png?size=500x500&set=set1
Mozelle,Klocko,mozelle@torphypurdy.info,Considine-Douglas,1-888-275-3894,https://robohash.org/Mozelle.png?size=500x500&set=set1
Nikko,Metz,nikko@schroeder.io,Gottlieb Group,966.136.3429,https://robohash.org/Nikko.png?size=500x500&set=set1
Bradford,Schinner,bradford@schimmel.org,Schaefer-Brekke,944.610.2882,https://robohash.org/Bradford.png?size=500x500&set=set1
Edgardo,Schamberger,edgardo@upton.co,"Cartwright, Heidenreich and Upton",759-443-9478,https://robohash.org/Edgardo.png?size=500x500&set=set1
Luna,Johnston,luna@schowalter.name,"Zemlak, Schulist and Jacobi",1-246-133-3101,https://robohash.org/Luna.png?size=500x500&set=set1
Santiago,Schmeler,santiago@west.co,"Mertz, Fritsch and Haley",(462) 156-0578,https://robohash.org/Santiago.png?size=500x500&set=set1
Wilton,McKenzie,wilton@bradtke.info,Mante and Sons,(101) 405-2587,https://robohash.org/Wilton.png?size=500x500&set=set1
Elliot,Jenkins,elliot@langosh.com,Hettinger and Sons,548.193.9728,https://robohash.org/Elliot.png?size=500x500&set=set1
Wilbert,Schmitt,wilbert@kovacek.biz,Paucek and Sons,938.483.1946,https://robohash.org/Wilbert.png?size=500x500&set=set1
Lyda,Cummings,lyda@bodeboyer.net,"Cummings, Parker and Brekke",(128) 433-1013,https://robohash.org/Lyda.png?size=500x500&set=set1
Bernhard,Orn,bernhard@murphy.net,"Stark, Donnelly and Huels",744-280-1876,https://robohash.org/Bernhard.png?size=500x500&set=set1
Domenico,Green,domenico@carrolllittel.info,"Heller, Wolf and Prohaska",1-940-104-9137,https://robohash.org/Domenico.png?size=500x500&set=set1
Jaime,Anderson,jaime@stroman.info,Johnston and Sons,280.389.7480,https://robohash.org/Jaime.png?size=500x500&set=set1
Nels,Larson,nels@nicolatamm.io,Runte-Brakus,(245) 298-5701,https://robohash.org/Nels.png?size=500x500&set=set1
Blair,Batz,blair@wuckert.io,Shields-Marquardt,510.829.2309,https://robohash.org/Blair.png?size=500x500&set=set1
Maryam,Kassulke,maryam@aufderharweber.io,Block-Dare,(934) 699-8857,https://robohash.org/Maryam.png?size=500x500&set=set1
